{
  "name": "EasyButtonAtInt01",
  "keywords": "Button, debounce, interrupt",
  "description": "Small and easy to use Arduino library for using push buttons at any PinChangeInterrupt pin. Automatic debouncing, no delay required.",
  "repository": {
    "type": "git",
    "url": "https://github.com/ArminJo/EasyButtonAtInt01"
  },
  "version": "3.3.1",
  "exclude": "pictures",
  "authors": {
    "name": "Armin Joachimsmeyer",
    "email": "armin.joachimsmeyer@gmail.com",
    "maintainer": true
  },
  "license": "GPL-3.0-or-later",
  "frameworks": "arduino",
  "platforms": [
    "atmelavr"
  ]
}